epoch,train_loss,val_macro_f1,val_weighted_f1,val_acc
1,1.0495360958576203,0.504489621145968,0.6084420309308856,0.6025
2,0.918840205669403,0.5294819298862359,0.6170591129169576,0.595
3,0.8063053479790687,0.4639466213793512,0.5292588362884431,0.5025
4,0.7053025990724564,0.47705038640186287,0.5355632270884876,0.51
5,0.6147486525774002,0.5319252936762208,0.6217713446262692,0.6025
6,0.515326459556818,0.5253606507863166,0.626578190260631,0.62125
7,0.4387539464235306,0.5127727330338767,0.6335211687532047,0.6375
8,0.3855023087561131,0.5137759088334168,0.6274541289743147,0.62625
