epoch,train_loss,val_loss,val_macro_f1,val_weighted_f1,val_acc
1,1.0094642855599523,0.964291690737009,0.44874356271661076,0.5623919340971965,0.565
2,0.6629125701915473,0.910949114561081,0.5273642700157125,0.6275162618507228,0.6125
3,0.21947444212273695,1.461429351400584,0.5157998080662677,0.6528886421319798,0.6775
4,0.06268039546092041,1.5200889399414883,0.5549880916727278,0.6657922806229409,0.6725
5,0.040510708348592744,1.700273087664973,0.5406473311315613,0.6695933588706956,0.68625
6,0.03338624647134566,1.721309706348693,0.5238862923321893,0.6483911757788566,0.655
7,0.03515955602299073,1.78868739268044,0.5364536501910179,0.6678632809424081,0.68375
