epoch,train_loss,val_macro_f1,val_weighted_f1,val_acc
1,1.0460177218914033,0.4828761748284392,0.5538670488879334,0.5375
2,0.9504705986380577,0.4324703965253871,0.46747384142808956,0.46
3,0.8543357521295547,0.4500680072438746,0.5017572335631576,0.48625
4,0.803149798065424,0.4589711609279701,0.5133852237320914,0.49375
