epoch,train_loss,val_macro_f1,val_weighted_f1,val_acc
1,1.0507087746262551,0.4436524162161344,0.5263159215846622,0.52125
2,1.0070867446064948,0.4072646843904329,0.4359728067207109,0.4175
3,0.939132219851017,0.42320812715549555,0.4775850483580747,0.46375
4,0.9252715530991554,0.3958239371834813,0.40898007471280223,0.4175
