epoch,train_loss,val_loss,val_macro_f1,val_weighted_f1,val_acc
1,1.1121405512094498,1.0995603704452515,0.35144286354734433,0.5270201564380265,0.58
2,1.1185802006721497,1.096639723777771,0.15265700483091788,0.1362463768115942,0.29625
3,1.107205439209938,1.099457678794861,0.2754113634995538,0.4546649680828512,0.59375
4,1.097534806728363,1.1036548042297363,0.30962999898427473,0.48904318679187797,0.555
