epoch,train_loss,val_loss,val_macro_f1,val_weighted_f1,val_acc
1,1.1019511008262635,1.1164333748817443,0.24934793948878456,0.44695618153364636,0.5975
2,1.105017957687378,1.0982848691940308,0.15285806037251123,0.13642581888246627,0.2975
3,1.1010580682754516,1.1002102851867677,0.24934793948878456,0.44695618153364636,0.5975
4,1.1012601888179778,1.0980429553985596,0.24934793948878456,0.44695618153364636,0.5975
