epoch,train_loss,val_loss,val_macro_f1,val_weighted_f1,val_acc
1,1.0178348079696298,0.9966124834120274,0.41066045617671837,0.5361091635066211,0.54625
2,0.8521406258456409,0.9295682485401631,0.5161460761460762,0.5931822261072262,0.57875
3,0.760075139887631,0.9707710262387991,0.5253693317430642,0.6322913287688758,0.63375
4,0.6830503580067306,1.010894553028047,0.5142446476103987,0.6345907203841233,0.64
5,0.6233810474956408,1.0558578999713064,0.5197896318816887,0.636421304305208,0.645
6,0.574542147857137,1.0876094897836446,0.5217545482359245,0.6325296131209917,0.63125
