epoch,train_loss,val_loss,val_macro_f1,val_weighted_f1,val_acc
1,1.047740551531315,0.9645613515377045,0.5183963303681174,0.5921421764417351,0.58125
2,0.8729105737805366,0.8140490633249283,0.6072532758684137,0.7048509564259381,0.68875
3,0.756787289083004,0.763658058643341,0.6114717480283518,0.7086031184486373,0.69125
4,0.6904966272413731,0.7446573287248611,0.6446279352141345,0.7433567479680887,0.7325
5,0.6511528605222702,0.7321135267615319,0.6437318175621504,0.7393776207507298,0.7275
6,0.6151662420481443,0.7231266975402832,0.6373606802052271,0.7278384524662502,0.70875
7,0.5965510729700327,0.7248530316352845,0.6411187218171398,0.7294565102552135,0.71625
