epoch,train_loss,val_loss,val_macro_f1,val_weighted_f1,val_acc
1,1.0321288353204727,1.05111820936203,0.48604181980760724,0.6224209649549886,0.63375
2,0.8504242342710495,0.9570948147773742,0.505972919907346,0.5838167032531786,0.56125
3,0.7494498580694199,1.0346698307991027,0.5166339703614483,0.6127232163658486,0.59375
4,0.6418352195620537,1.1275967121124268,0.5205364578713778,0.625428390499678,0.61
5,0.5686341056227684,1.1952577972412108,0.4925020322594447,0.6007315331793095,0.5725
6,0.4983013567328453,1.4073454928398133,0.5020313885168278,0.6142276138409992,0.6
7,0.4277072551846504,1.5313518118858338,0.49910936058477046,0.6196183556880278,0.615
