epoch,train_loss,val_loss,val_macro_f1,val_weighted_f1,val_acc
1,1.0381459069252015,0.9304404950141907,0.5286099243490053,0.5949085572254054,0.5825
2,0.8269128000736237,0.7824684524536133,0.6012304578488016,0.6908701588890316,0.67
3,0.7087964725494384,0.7528168487548829,0.6283558071102545,0.7218579166022135,0.7075
4,0.6350582441687584,0.7416610264778137,0.645368217078189,0.7455448966563785,0.73625
5,0.59207102060318,0.727464337348938,0.6529061548755236,0.7367099366080977,0.72125
6,0.5568116864562035,0.725788164138794,0.6337868054397519,0.7192251868117856,0.69625
7,0.5257911172509193,0.7383473408222199,0.6428852756847633,0.7358546668293624,0.72125
8,0.5059769314527511,0.7490995645523071,0.6316728553404967,0.7282072757278418,0.71375
