epoch,train_loss,val_macro_f1,val_weighted_f1,val_acc
1,1.0536640354990958,0.38791552999947415,0.42350693851232796,0.435
2,1.0123852220177652,0.40882599802510927,0.45732942498942025,0.42375
3,0.9484560602903366,0.4744619926867409,0.5517995995957878,0.52875
4,0.9184897309541702,0.40457293254987653,0.421033698786355,0.43
5,0.8835199581086636,0.5079625356863833,0.6063507977564734,0.59125
6,0.7942577454447747,0.4912169753225984,0.5664630006088143,0.54625
7,0.7395218376815319,0.4970777252211181,0.5794967736358858,0.56125
8,0.6536200848221779,0.4842041156650696,0.5620735857580984,0.545
