epoch,train_loss,val_macro_f1,val_weighted_f1,val_acc
1,1.0488137778639794,0.47797857222046264,0.5539726059612137,0.53125
2,0.9531211185455323,0.4319121772088894,0.4725498618265076,0.46
3,0.8501273293793201,0.463206146777788,0.5088728377713161,0.49625
4,0.7962893986701965,0.45951615726699496,0.5130902682812984,0.49625
