epoch,train_loss,val_loss,val_macro_f1,val_weighted_f1,val_acc
1,1.0046653363108635,0.8646342349052429,0.5545147070478502,0.6329396307318952,0.6225
2,0.7702387075126171,0.7525948774814606,0.6234671248865822,0.7187379810545963,0.7025
3,0.6615319941937924,0.732369883954525,0.6238356491333192,0.7111977813598174,0.68875
4,0.5913182631134987,0.7453874146938324,0.6446556534603833,0.7466872903291342,0.73875
5,0.5398023413866758,0.7603309476375579,0.6455433474313361,0.744087217217726,0.73625
6,0.49398585118353366,0.7579584410786628,0.6359802743434457,0.7354321535242251,0.7225
7,0.46814213521778586,0.7866532638669014,0.6323485740780109,0.7323676756732526,0.7225
8,0.44444929488003254,0.7937417283654213,0.625301033017188,0.7266056556379268,0.715
