epoch,train_loss,val_macro_f1,val_weighted_f1,val_acc
1,1.0462308347225189,0.5168139767682102,0.6108296127975762,0.59875
2,0.9165316665172577,0.5146421720746756,0.5976955504196286,0.57625
3,0.8009468853473664,0.47718067996312863,0.5298253925880891,0.5075
4,0.7022472134232521,0.4902467658970128,0.5646819501634633,0.5375
