epoch,train_loss,val_loss,val_macro_f1,val_weighted_f1,val_acc
1,1.0926501128077506,1.136618605852127,0.15285806037251123,0.13642581888246627,0.2975
2,1.1009254810214042,1.0777404510974884,0.3502129387873514,0.47736504786771106,0.4975
3,1.0491776496171952,1.0886501741409302,0.3682505706105565,0.4765135049874395,0.45625
4,0.9010683760046959,1.4260763001441956,0.39993666056166055,0.537001848672161,0.54625
5,0.7597733791172504,1.2268506598472595,0.3821191770809776,0.5568049123428022,0.59
6,0.6751480951905251,1.6614495933055877,0.3920018761966266,0.543001576328771,0.56
7,0.6404379463940859,1.449922924041748,0.3627870294536962,0.5058513058513059,0.52
