epoch,train_loss,val_loss,val_macro_f1,val_weighted_f1,val_acc
1,1.0377533540129662,0.9424816989898681,0.5331760730261511,0.6253121982567671,0.61875
2,0.793187253922224,0.7743559861183167,0.5846570815405013,0.6613416394086454,0.635
3,0.4184631434828043,0.9565526431798935,0.5649495143969537,0.6551561208445643,0.64
4,0.15195755022577942,1.084261220395565,0.6175786235492298,0.7131643826507574,0.71375
5,0.06865356073947623,1.4190974217653274,0.5725322195962845,0.6864041848584752,0.69625
6,0.03485873100114986,1.311109743118286,0.6073993040607388,0.7265037603322753,0.72875
7,0.019344271424924956,1.550114068388939,0.5804543395718401,0.697020474496094,0.70625
