epoch,train_loss,val_loss,val_macro_f1,val_weighted_f1,val_acc
1,1.049827573299408,0.954397234916687,0.5050990877401325,0.559534672191207,0.54625
2,0.7989127606153488,0.8311601829528809,0.578244854560644,0.670713858509911,0.66125
3,0.41536338746547696,0.8194856011867523,0.6082753352124549,0.6894099325623667,0.6725
4,0.17309133514761924,0.9339482450485229,0.614750596563728,0.7130363347514412,0.7025
5,0.0739376257546246,1.231238867044449,0.6002234761118684,0.7181445585215607,0.72375
6,0.03985701635479927,1.2887908840179443,0.6037342653946742,0.7170623151474215,0.7225
7,0.02667012392077595,1.4474534475803376,0.6028914822895324,0.722166480808914,0.73125
