epoch,train_loss,val_loss,val_macro_f1,val_weighted_f1,val_acc
1,1.0268361175060272,0.9780311226844788,0.48230077278642,0.5446267376782812,0.5225
2,0.9375119924545288,1.0253301906585692,0.3734631606193086,0.3861046320002563,0.40875
3,0.8973392486572266,0.9736175441741943,0.4775995457123698,0.5345743412881665,0.5075
4,0.8594982248544693,1.1290432834625244,0.4886568152391652,0.5793713098769561,0.5575
5,0.7910866701602935,1.311106731891632,0.4158290413620434,0.5450453987280405,0.55375
6,0.7619105648994445,1.2787093830108642,0.46941788430928283,0.5673544259152155,0.54375
7,0.7421972963213921,1.2190004682540894,0.4540841643550799,0.5211632416017087,0.50625
