epoch,train_loss,val_loss,val_macro_f1,val_weighted_f1,val_acc
1,1.0357567245513202,0.9953188088536262,0.41319745112162937,0.559108390875825,0.57375
2,0.8881344871968031,0.9341146729886531,0.5102766697019187,0.5955499538994997,0.58375
3,0.7999642306193709,0.9550471264123916,0.5244084619084619,0.6345672903485403,0.64125
4,0.7403946569189429,0.9669271364808083,0.5202628059770916,0.6337812479917743,0.6375
5,0.6965975079219788,0.9943364510312677,0.5141244341117744,0.6316542954301636,0.63875
6,0.6605903373472393,1.0031959490105509,0.5127794302520293,0.628743620844445,0.63
