epoch,train_loss,val_loss,val_macro_f1,val_weighted_f1,val_acc
1,0.9980396550893783,1.0988739013671875,0.49536549072583713,0.6227085973791819,0.6375
2,0.6422648894786834,1.0003666353225709,0.5309847313676835,0.6371478864286678,0.635
3,0.2464545014128089,1.5088549256324768,0.5256551728882871,0.6400907650258592,0.6425
4,0.12863650551997124,1.7976529288291931,0.5438761947551484,0.655793524514162,0.66
5,0.04625226459465921,2.207131049633026,0.5327571703181201,0.6526749059922952,0.66
6,0.04061298276297748,2.044739305973053,0.5159335866735514,0.6372428380953828,0.63875
7,0.027429276341572405,2.2132531213760376,0.5302503147983285,0.6597010899641491,0.67125
